word_id,label_display,label_speech,pos,category,is_core,page,position_index,symbol_file,audio_human_file,freq_rank,source_note,therapist_ok
mau,MAU,mau,kerja,inti,true,0,0,mau.png,,60,OS2018 r=60; B03 'want'; PC36 'want'; fungsi meminta,belum
berhenti,BERHENTI,berhenti,kerja,inti,true,0,1,custom/berhenti.png,,185,OS2018 r=185; PC36 'stop'; protes yang tidak punya kata keluar sebagai perilaku,belum
bantu,BANTU,bantu,kerja,inti,true,0,2,bantu.png,,540,OS2018 r=540; B03 'help'; PC36 'help',belum
tidak,TIDAK,tidak,pengatur,inti,true,0,3,tidak.png,,4,OS2018 r=4; B03 'no'; PC36 'not'; fungsi menolak,belum
selesai,SELESAI,selesai,pengatur,inti,true,0,4,selesai.png,,306,OS2018 r=306; B03 'all done/finished'; PC36 'finished',belum
sakit,SAKIT,sakit,sifat,perasaan,true,0,5,sakit.png,,237,OS2018 r=237; bukan kata inti literatur; sengaja dipasang untuk keselamatan: anak autis nonverbal mengomunikasikan nyeri lewat perilaku (tinjauan cakupan Paediatric and Neonatal Pain 2023),belum
aku,AKU,aku,ganti,inti,true,0,6,custom/aku.png,,1,OS2018 r=1; B03 'I'; PC36 'I',belum
makan,MAKAN,makan,kerja,aktivitas,true,0,7,makan.png,,169,OS2018 r=169; kebutuhan dasar; meminta adalah fungsi pertama yang diajarkan (Bondy & Frost 1994),belum
minum,MINUM,minum,kerja,aktivitas,true,0,8,minum.png,,329,OS2018 r=329; kebutuhan dasar; meminta adalah fungsi pertama yang diajarkan (Bondy & Frost 1994),belum
ya,YA,ya,pengatur,inti,true,0,9,ya.png,,23,OS2018 r=23; B03 'yes'; pasangan TIDAK,belum
lagi,LAGI,lagi,pengatur,inti,true,0,10,lagi.png,,47,OS2018 r=47; B03 'more'; PC36 'more',belum
itu,ITU,itu,pengatur,inti,true,0,11,itu.png,,6,OS2018 r=6; B03 'that'; PC36 'that'; meminta benda apa pun tanpa kata benda (AKU MAU ITU),belum
kamu,KAMU,kamu,ganti,inti,true,1,6,custom/kamu.png,,29,OS2018 r=29; B03 'you'; PC36 'you',belum
dia,DIA,dia,ganti,inti,true,1,7,custom/dia.png,,8,OS2018 r=8; PC36 'he/she',belum
kita,KITA,kita,ganti,inti,true,1,8,kita.png,,12,OS2018 r=12; kita inklusif; 'kami' dibuang,belum
ini,INI,ini,pengatur,inti,true,1,9,custom/ini.png,,5,OS2018 r=5; B03 'it',belum
lihat,LIHAT,lihat,kerja,inti,true,1,10,lihat.png,,83,OS2018 r=83; PC36 'look',belum
jangan,JANGAN,jangan,pengatur,inti,true,1,11,custom/jangan.png,,46,OS2018 r=46; negasi imperatif; pasangan TIDAK,belum
sudah,SUDAH,sudah,pengatur,inti,true,1,12,custom/sudah.png,,28,OS2018 r=28; aspek selesai; pasangan BELUM,belum
belum,BELUM,belum,pengatur,inti,true,1,13,custom/belum.png,,141,OS2018 r=141; negasi aspek; pasangan SUDAH,belum
boleh,BOLEH,boleh,pengatur,inti,true,1,14,custom/boleh.png,,201,OS2018 r=201; izin; sangat sering dalam tutur anak-orang tua,belum
bisa,BISA,bisa,kerja,inti,true,1,15,bisa.png,,14,OS2018 r=14; PC36 'can',belum
ada,ADA,ada,kerja,inti,true,1,16,custom/ada.png,,15,OS2018 r=15; eksistensial; tak ada padanan Inggris tunggal,belum
punya,PUNYA,punya,kerja,inti,true,2,6,custom/punya.png,,48,OS2018 r=48; B03 'my/mine'; bentuk -ku tak bisa disimbolkan,belum
ayo,AYO,ayo,pengatur,inti,true,2,7,ayo.png,,64,OS2018 r=64; ajakan; pembuka interaksi,belum
tunggu,TUNGGU,tunggu,kerja,inti,true,2,8,tunggu.png,,122,OS2018 r=122; regulasi giliran,belum
suka,SUKA,suka,kerja,inti,true,2,9,suka.png,,150,OS2018 r=150; PC36 'like',belum
sama,SAMA,sama,pengatur,inti,true,2,10,sama.png,,121,OS2018 r=121; 'dengan' dalam tutur anak (sama ibu),belum
semua,SEMUA,semua,pengatur,inti,true,2,11,semua.png,,38,OS2018 r=38; PC36 'all',belum
banyak,BANYAK,banyak,pengatur,inti,true,2,12,custom/banyak.png,,74,OS2018 r=74; kuantitas; pasangan SEDIKIT,belum
sedikit,SEDIKIT,sedikit,pengatur,inti,true,2,13,custom/sedikit.png,,164,OS2018 r=164; kuantitas; pasangan BANYAK,belum
sini,SINI,sini,pengatur,inti,true,2,14,custom/sini.png,,40,OS2018 r=40; B03 'here'; PC36 'here',belum
atas,ATAS,atas,pengatur,inti,true,2,15,atas.png,,171,OS2018 r=171; B03 'on'; PC36 'up/on',belum
bawah,BAWAH,bawah,pengatur,inti,true,2,16,bawah.png,,274,OS2018 r=274; pasangan ATAS,belum
apa,APA,apa,tanya,tanya,true,3,6,apa.png,,11,OS2018 r=11; B03 'what'; PC36 'what',belum
siapa,SIAPA,siapa,tanya,tanya,true,3,7,siapa.png,,62,OS2018 r=62; PC36 'who',belum
mana,MANA,mana,tanya,tanya,true,3,8,mana.png,,97,OS2018 r=97; PC36 'where'; 'di mana' disingkat,belum
kenapa,KENAPA,kenapa,tanya,tanya,true,3,9,kenapa.png,,67,OS2018 r=67; PC36 'why'; 'mengapa' formal dibuang,belum
sekarang,SEKARANG,sekarang,pengatur,waktu,true,3,10,sekarang.png,,39,OS2018 r=39; waktu; pasangan NANTI,belum
nanti,NANTI,nanti,pengatur,waktu,true,3,11,nanti.png,,285,OS2018 r=285; penundaan; alat regulasi bagi pendamping,belum
halo,HALO,halo,sosial,sosial,true,3,12,halo.png,,246,OS2018 r=246; sapaan,belum
dadah,DADAH,dadah,sosial,sosial,true,3,13,custom/dadah.png,,11154,OS2018 r=11154; register anak untuk 'sampai jumpa',belum
makasih,MAKASIH,makasih,sosial,sosial,true,3,14,custom/makasih.png,,2359,OS2018 r=2359; 'terima kasih' bigram; unigram makasih dipakai,belum
maaf,MAAF,maaf,sosial,sosial,true,3,15,custom/maaf.png,,101,OS2018 r=101; perbaikan interaksi,belum
tolong,TOLONG,tolong,sosial,sosial,true,3,16,custom/tolong.png,,158,OS2018 r=158; permintaan sopan; beda fungsi dari BANTU,belum
sayang,SAYANG,sayang,sosial,sosial,true,3,17,sayang.png,,179,OS2018 r=179; afeksi; sangat kultural,belum
pergi,PERGI,pergi,kerja,aktivitas,true,4,6,pergi.png,,36,OS2018 r=36; B03 'go'; PC36 'go',belum
pulang,PULANG,pulang,kerja,aktivitas,true,4,7,custom/pulang.png,,239,OS2018 r=239; khas Indonesia; sangat sering di rumah,belum
masuk,MASUK,masuk,kerja,aktivitas,true,4,8,masuk.png,,129,OS2018 r=129; B03 'in' diwujudkan sebagai verba,belum
keluar,KELUAR,keluar,kerja,aktivitas,true,4,9,keluar.png,,98,OS2018 r=98; B03 'out' diwujudkan sebagai verba,belum
naik,NAIK,naik,kerja,aktivitas,true,4,10,naik.png,,467,OS2018 r=467; naik motor/angkot; pasangan TURUN,belum
turun,TURUN,turun,kerja,aktivitas,true,4,11,turun.png,,475,OS2018 r=475; pasangan NAIK,belum
jalan,JALAN,jalan,kerja,aktivitas,true,4,12,jalan.png,,186,OS2018 r=186; jalan-jalan; motorik,belum
duduk,DUDUK,duduk,kerja,aktivitas,true,4,13,duduk.png,,324,OS2018 r=324; instruksi rutin,belum
tidur,TIDUR,tidur,kerja,aktivitas,true,4,14,tidur.png,,238,OS2018 r=238; rutinitas harian,belum
ambil,AMBIL,ambil,kerja,aktivitas,true,4,15,ambil.png,,276,OS2018 r=276; PC36 'get',belum
kasih,KASIH,kasih,kerja,aktivitas,true,4,16,kasih.png,,76,OS2018 r=76; 'beri' register anak,belum
mandi,MANDI,mandi,kerja,aktivitas,true,4,17,mandi.png,,791,OS2018 r=791; rutinitas A3,belum
buka,BUKA,buka,kerja,aktivitas,true,5,6,buka.png,,500,OS2018 r=500; PC36 'open',belum
tutup,TUTUP,tutup,kerja,aktivitas,true,5,7,tutup.png,,602,OS2018 r=602; pasangan BUKA,belum
pakai,PAKAI,pakai,kerja,aktivitas,true,5,8,pakai.png,,654,OS2018 r=654; berpakaian,belum
cuci,CUCI,cuci,kerja,aktivitas,true,5,9,cuci.png,,3490,OS2018 r=3490; cuci tangan; rutinitas,belum
pipis,PIPIS,pipis,kerja,aktivitas,true,5,10,pipis.png,,6422,"OS2018 r=6422; kebutuhan toileting; frekuensi subtitel rendah, kebutuhan klinis tinggi",belum
pup,PUP,pup,kerja,aktivitas,true,5,11,custom/pup.png,,24895,"OS2018 r=24895; toileting; register keluarga bervariasi (pup/eek/BAB), konfirmasi terapis",belum
baca,BACA,baca,kerja,aktivitas,true,5,12,baca.png,,1448,OS2018 r=1448; bukan kata PC36; kegiatan rumah dan sekolah,belum
nonton,NONTON,nonton,kerja,aktivitas,true,5,13,nonton.png,,2800,OS2018 r=2800; negosiasi layar; sangat sering di keluarga,belum
ngaji,NGAJI,ngaji,kerja,aktivitas,true,5,14,ngaji.png,,,OS2018 r=-; konteks Indonesia (proposal); 0 kemunculan di korpus subtitel,belum
dengar,DENGAR,dengar,kerja,aktivitas,true,5,15,dengar.png,,131,OS2018 r=131; kata pemodelan pendamping,belum
peluk,PELUK,peluk,kerja,aktivitas,true,5,16,peluk.png,,6607,OS2018 r=6607; afeksi; regulasi sensorik,belum
main,MAIN,main,kerja,aktivitas,true,5,17,main.png,,897,OS2018 r=897; rutinitas A3,belum
lapar,LAPAR,lapar,sifat,perasaan,true,6,6,lapar.png,,942,OS2018 r=942; keadaan tubuh,belum
haus,HAUS,haus,sifat,perasaan,true,6,7,haus.png,,3219,OS2018 r=3219; keadaan tubuh,belum
capek,CAPEK,capek,sifat,perasaan,true,6,8,custom/capek.png,,5366,OS2018 r=5366; register anak; 'lelah' formal dibuang,belum
ngantuk,NGANTUK,ngantuk,sifat,perasaan,true,6,9,ngantuk.png,,12885,OS2018 r=12885; keadaan tubuh; frekuensi subtitel rendah,belum
senang,SENANG,senang,sifat,perasaan,true,6,10,senang.png,,207,OS2018 r=207; emosi dasar,belum
sedih,SEDIH,sedih,sifat,perasaan,true,6,11,sedih.png,,1171,OS2018 r=1171; emosi dasar,belum
marah,MARAH,marah,sifat,perasaan,true,6,12,marah.png,,438,OS2018 r=438; emosi dasar,belum
takut,TAKUT,takut,sifat,perasaan,true,6,13,takut.png,,244,OS2018 r=244; emosi dasar,belum
panas,PANAS,panas,sifat,deskripsi,true,7,6,panas.png,,542,OS2018 r=542; sensorik; pasangan DINGIN,belum
dingin,DINGIN,dingin,sifat,deskripsi,true,7,7,dingin.png,,611,OS2018 r=611; sensorik; pasangan PANAS,belum
besar,BESAR,besar,sifat,deskripsi,true,7,8,besar.png,,132,OS2018 r=132; pasangan KECIL,belum
kecil,KECIL,kecil,sifat,deskripsi,true,7,9,kecil.png,,195,OS2018 r=195; pasangan BESAR,belum
enak,ENAK,enak,sifat,deskripsi,true,7,10,enak.png,,667,OS2018 r=667; penilaian makanan,belum
bagus,BAGUS,bagus,sifat,deskripsi,true,7,11,bagus.png,,88,OS2018 r=88; PC36 'good',belum
kotor,KOTOR,kotor,sifat,deskripsi,true,7,12,kotor.png,,1231,OS2018 r=1231; sensorik; 'bersih' dibuang (komposabel: TIDAK KOTOR),belum
cepat,CEPAT,cepat,sifat,deskripsi,true,7,13,cepat.png,,130,OS2018 r=130; tempo; 'pelan' dibuang,belum
nasi,NASI,nasi,benda,makanan,true,8,6,nasi.png,,4302,OS2018 r=4302; konteks Indonesia (proposal),belum
air,AIR,air,benda,makanan,true,8,7,air.png,,278,OS2018 r=278; minum air,belum
susu,SUSU,susu,benda,makanan,true,8,8,susu.png,,1927,OS2018 r=1927,belum
roti,ROTI,roti,benda,makanan,true,8,9,roti.png,,1570,OS2018 r=1570,belum
buah,BUAH,buah,benda,makanan,true,8,10,buah.png,,1406,"OS2018 r=1406; kategori umum, bukan jenis buah",belum
kue,KUE,kue,benda,makanan,true,8,11,kue.png,,1165,OS2018 r=1165,belum
ayam,AYAM,ayam,benda,makanan,true,8,12,ayam.png,,1278,OS2018 r=1278; lauk paling umum,belum
permen,PERMEN,permen,benda,makanan,true,8,13,permen.png,,2149,OS2018 r=2149; memotivasi anak; kosakata harus memotivasi,belum
ibu,IBU,ibu,benda,orang,true,9,6,ibu.png,,138,OS2018 r=138; label_speech bisa diganti per keluarga (mama/bunda),belum
ayah,AYAH,ayah,benda,orang,true,9,7,ayah.png,,113,OS2018 r=113; label_speech bisa diganti per keluarga (papa/abi),belum
kakak,KAKAK,kakak,benda,orang,true,9,8,kakak.png,,724,OS2018 r=724,belum
adik,ADIK,adik,benda,orang,true,9,9,adik.png,,1277,OS2018 r=1277,belum
nenek,NENEK,nenek,benda,orang,true,9,10,nenek.png,,892,"OS2018 r=892; 'kakek' dibuang, tambah lewat kartu personal",belum
guru,GURU,guru,benda,orang,true,9,11,guru.png,,535,OS2018 r=535,belum
teman,TEMAN,teman,benda,orang,true,9,12,teman.png,,211,OS2018 r=211,belum
rumah,RUMAH,rumah,benda,tempat,true,10,6,rumah.png,,125,OS2018 r=125,belum
sekolah,SEKOLAH,sekolah,benda,tempat,true,10,7,sekolah.png,,323,OS2018 r=323,belum
kamar_mandi,KAMAR MANDI,kamar mandi,benda,tempat,true,10,8,kamar_mandi.png,,,OS2018 r=-; bigram; tidak ada di daftar unigram,belum
mobil,MOBIL,mobil,benda,tempat,true,10,9,mobil.png,,254,OS2018 r=254; kendaraan,belum
motor,MOTOR,motor,benda,tempat,true,10,10,motor.png,,2268,OS2018 r=2268; kendaraan keluarga paling umum di Indonesia,belum
angkot,ANGKOT,angkot,benda,tempat,true,10,11,angkot.png,,,"OS2018 r=-; konteks Indonesia (proposal); 1 kemunculan di daftar penuh, di luar 50k",belum
warung,WARUNG,warung,benda,tempat,true,10,12,warung.png,,11258,OS2018 r=11258; konteks Indonesia (proposal),belum
mainan,MAINAN,mainan,benda,benda,true,11,6,mainan.png,,2290,OS2018 r=2290,belum
bola,BOLA,bola,benda,benda,true,11,7,bola.png,,759,OS2018 r=759,belum
buku,BUKU,buku,benda,benda,true,11,8,buku.png,,442,OS2018 r=442,belum
hape,HP,hape,benda,benda,true,11,9,hape.png,,25987,OS2018 r=25987; register anak; 'ponsel' formal dibuang,belum
baju,BAJU,baju,benda,benda,true,11,10,baju.png,,1037,OS2018 r=1037,belum
obat,OBAT,obat,benda,benda,true,11,11,obat.png,,695,OS2018 r=695; pasangan SAKIT,belum
kepala,KEPALA,kepala,benda,tubuh,true,12,6,kepala.png,,338,OS2018 r=338; SAKIT + KEPALA,belum
perut,PERUT,perut,benda,tubuh,true,12,7,perut.png,,2316,OS2018 r=2316; SAKIT + PERUT,belum
gigi,GIGI,gigi,benda,tubuh,true,12,8,gigi.png,,1326,OS2018 r=1326; SAKIT + GIGI,belum
tangan,TANGAN,tangan,benda,tubuh,true,12,9,tangan.png,,287,OS2018 r=287; CUCI + TANGAN,belum
kaki,KAKI,kaki,benda,tubuh,true,12,10,kaki.png,,478,OS2018 r=478,belum
mata,MATA,mata,benda,tubuh,true,12,11,mata.png,,389,OS2018 r=389,belum
